type,word,count,substituted_with
deletion,yeah,6,
deletion,ayyayy,1,
deletion,and,2,
deletion,ayy,2,
deletion,lie,1,
deletion,if,1,
deletion,ah,1,
deletion,i,1,
deletion,fly,1,
deletion,care,1,
deletion,mmm,1,
deletion,key,1,
deletion,for,2,
deletion,the,2,
deletion,quarter,1,
deletion,you,2,
deletion,do,1,
deletion,to,3,
deletion,love,2,
deletion,youre,1,
deletion,lose,1,
deletion,so,1,
deletion,no,2,
deletion,one,1,
deletion,turn,1,
deletion,ive,1,
deletion,had,1,
deletion,enough,1,
deletion,of,1,
deletion,them,1,
deletion,at,1,
deletion,cash,1,
deletion,heart,1,
deletion,paradise,1,
deletion,say,1,
deletion,in,1,
deletion,unless,1,
deletion,im,1,
deletion,heartless,1,
deletion,day,1,
deletion,throw,1,
deletion,a,1,
deletion,tantrum,1,
deletion,even,1,
deletion,long,1,
deletion,wild,1,
deletion,cause,1,
deletion,it,1,
deletion,ohoh,1,
deletion,away,1,
deletion,citys,1,
deletion,oh,2,
deletion,ugh,1,
deletion,date,1,
deletion,laughin,1,
deletion,just,1,
deletion,ballistic,1,
deletion,on,1,
deletion,since,1,
deletion,uhhuh,1,
deletion,me,1,
deletion,bitch,1,
substitution,here,1,that
substitution,here,1,them
substitution,here,1,a
substitution,here,1,my
substitution,today,1,it
substitution,you,1,yours
substitution,you,3,im
substitution,you,1,oh
substitution,you,6,i
substitution,you,1,cant
substitution,you,1,that
substitution,you,1,kind
substitution,you,1,got
substitution,you,1,house
substitution,you,1,comparison
substitution,you,3,in
substitution,you,1,room
substitution,you,1,she
substitution,you,1,with
substitution,you,1,now
substitution,you,1,long
substitution,you,1,say
substitution,you,1,number
substitution,you,2,it
substitution,you,1,like
substitution,you,2,yummy
substitution,you,1,tired
substitution,you,1,touch
substitution,you,1,simplify
substitution,you,1,fine
substitution,you,1,night
substitution,you,1,these
substitution,you,2,so
substitution,you,1,things
substitution,you,2,the
substitution,you,1,theres
substitution,you,1,feel
substitution,you,1,had
substitution,you,1,without
substitution,you,1,your
substitution,you,1,yeah
substitution,you,1,dioio
substitution,you,1,up
substitution,you,3,to
substitution,you,1,through
substitution,you,1,thing
substitution,you,1,love
substitution,you,1,try
substitution,you,1,and
substitution,you,1,deep
substitution,you,1,line
substitution,you,1,blew
substitution,you,1,no
substitution,you,1,what
substitution,you,1,poppin
substitution,you,1,mom
substitution,you,1,perfect
substitution,you,1,too
substitution,you,1,running
substitution,you,1,take
substitution,you,1,bitch
substitution,go,1,gonna
substitution,go,1,ill
substitution,go,1,yes
substitution,go,1,happen
substitution,go,1,to
substitution,go,1,be
substitution,go,1,went
substitution,go,1,the
substitution,go,1,whip
substitution,go,1,had
substitution,go,1,aint
substitution,come,1,go
substitution,come,1,you
substitution,come,1,eyes
substitution,come,1,know
substitution,come,1,the
substitution,its,1,explore
substitution,its,1,things
substitution,its,1,to
substitution,its,2,ever
substitution,its,1,im
substitution,its,1,the
substitution,its,1,of
substitution,its,1,it
substitution,roarin,1,you
substitution,yeah,1,know
substitution,yeah,1,how
substitution,yeah,1,out
substitution,yeah,1,as
substitution,yeah,1,loot
substitution,yeah,1,bag
substitution,yeah,5,yummy
substitution,yeah,1,any
substitution,yeah,1,say
substitution,yeah,1,word
substitution,yeah,1,morning
substitution,yeah,1,late
substitution,yeah,1,the
substitution,yeah,1,5050
substitution,yeah,1,made
substitution,yeah,1,my
substitution,yeah,3,you
substitution,yeah,2,if
substitution,yeah,1,all
substitution,yeah,2,it
substitution,yeah,1,modest
substitution,know,2,coming
substitution,know,1,wanna
substitution,know,1,that
substitution,know,1,cause
substitution,know,1,can
substitution,know,1,you
substitution,know,1,of
substitution,know,1,and
substitution,know,1,to
substitution,know,1,goddess
substitution,know,1,throwin
substitution,how,1,you
substitution,how,1,been
substitution,how,1,child
substitution,im,1,know
substitution,im,1,over
substitution,im,1,paddock
substitution,im,1,not
substitution,im,1,hear
substitution,im,1,around
substitution,im,1,is
substitution,im,1,up
substitution,im,2,you
substitution,im,1,so
substitution,im,1,locked
substitution,im,2,a
substitution,im,1,down
substitution,im,1,got
substitution,im,1,cause
substitution,im,1,running
substitution,im,1,i
substitution,im,1,to
substitution,im,1,this
substitution,im,1,pussy
substitution,im,1,try
substitution,im,1,away
substitution,im,1,him
substitution,im,1,see
substitution,im,1,get
substitution,im,1,nigga
substitution,im,1,findin
substitution,im,1,from
substitution,im,1,that
substitution,comin,1,how
substitution,comin,1,then
substitution,bend,1,i
substitution,her,1,murkered
substitution,her,1,you
substitution,her,1,batch
substitution,her,1,a
substitution,her,2,i
substitution,her,1,wanna
substitution,her,1,girl
substitution,her,1,it
substitution,her,1,shit
substitution,over,1,hawk
substitution,over,1,have
substitution,then,1,on
substitution,then,1,way
substitution,then,1,ever
substitution,i,1,it
substitution,i,1,buying
substitution,i,2,aint
substitution,i,1,if
substitution,i,1,100000
substitution,i,1,even
substitution,i,1,from
substitution,i,1,oh
substitution,i,1,might
substitution,i,1,with
substitution,i,1,right
substitution,i,1,me
substitution,i,1,say
substitution,i,2,all
substitution,i,1,seal
substitution,i,1,nigga
substitution,i,1,ever
substitution,i,1,know
substitution,i,1,cadillac
substitution,i,1,way
substitution,i,2,but
substitution,i,1,check
substitution,i,1,this
substitution,i,1,jot
substitution,i,4,you
substitution,i,1,too
substitution,i,1,just
substitution,i,1,ran
substitution,i,1,ass
substitution,i,1,none
substitution,i,1,these
substitution,i,1,lot
substitution,i,2,the
substitution,i,2,bottom
substitution,i,2,when
substitution,i,2,my
substitution,i,1,see
substitution,i,1,since
substitution,i,1,lost
substitution,i,1,party
substitution,i,1,dont
substitution,i,1,put
substitution,i,1,were
substitution,i,1,be
substitution,i,1,to
substitution,i,1,that
substitution,i,2,a
substitution,i,1,im
substitution,i,1,niggas
substitution,i,1,up
substitution,i,1,mentions
substitution,murk,1,if
substitution,call,1,want
substitution,call,1,babe
substitution,call,1,pick
substitution,gunna,1,your
substitution,if,1,burger
substitution,if,2,she
substitution,if,1,rosewood
substitution,if,1,me
substitution,if,1,anymore
substitution,if,2,a
substitution,if,1,can
substitution,if,1,unless
substitution,want,1,baby
substitution,want,1,im
substitution,want,1,coco
substitution,want,1,take
substitution,want,1,now
substitution,a,1,be
substitution,a,1,her
substitution,a,1,we
substitution,a,1,an
substitution,a,1,beard
substitution,a,1,but
substitution,a,1,out
substitution,a,1,to
substitution,a,4,the
substitution,a,1,cash
substitution,a,1,cruisin
substitution,a,1,aint
substitution,a,1,on
substitution,a,2,for
substitution,a,1,by
substitution,a,2,im
substitution,a,1,parttime
substitution,a,1,really
substitution,a,1,of
substitution,a,1,love
substitution,a,1,gotta
substitution,a,1,you
substitution,a,1,know
substitution,a,1,diamonds
substitution,a,1,got
substitution,a,1,pay
substitution,a,2,it
substitution,a,2,this
substitution,a,1,hundred
substitution,a,1,da
substitution,a,1,i
substitution,a,1,show
substitution,a,1,pictures
substitution,a,1,tryna
substitution,a,1,bit
substitution,a,1,me
substitution,a,1,she
substitution,birkin,1,lining
substitution,birkin,1,lil
substitution,oh,1,your
substitution,oh,1,so
substitution,oh,1,fire
substitution,oh,1,roxanne
substitution,oh,1,with
substitution,oh,1,ima
substitution,baby,1,verses
substitution,baby,1,we
substitution,baby,1,woo
substitution,baby,1,nothing
substitution,baby,1,got
substitution,baby,1,love
substitution,baby,1,drop
substitution,baby,1,lets
substitution,baby,1,a
substitution,lyin,1,here
substitution,in,3,and
substitution,in,1,guarantee
substitution,in,1,do
substitution,in,1,low
substitution,in,2,year
substitution,in,1,cool
substitution,in,1,her
substitution,in,3,i
substitution,in,1,feel
substitution,in,1,had
substitution,in,1,at
substitution,in,2,on
substitution,in,1,yeah
substitution,in,1,come
substitution,in,1,so
substitution,in,1,base
substitution,in,1,the
substitution,in,1,six
substitution,in,1,tryna
substitution,in,2,it
substitution,in,1,got
substitution,in,1,no
substitution,in,1,we
substitution,in,1,dont
substitution,in,1,hospital
substitution,in,1,what
substitution,in,1,swervin
substitution,in,1,pussy
substitution,in,1,nigga
substitution,in,1,money
substitution,your,1,say
substitution,your,1,feels
substitution,your,1,to
substitution,your,1,a
substitution,your,1,door
substitution,your,1,do
substitution,your,1,im
substitution,your,1,i
substitution,your,1,them
substitution,your,1,you
substitution,your,1,brown
substitution,your,1,too
substitution,your,1,nigga
substitution,your,1,plate
substitution,verses,1,you
substitution,be,1,them
substitution,be,1,mouth
substitution,be,1,out
substitution,be,1,fastest
substitution,be,1,gotta
substitution,be,1,plans
substitution,be,1,gonna
substitution,be,1,youre
substitution,be,1,life
substitution,be,1,the
substitution,be,1,lone
substitution,be,1,bad
substitution,be,1,is
substitution,hearin,1,purses
substitution,hearin,1,and
substitution,say,1,i
substitution,say,1,done
substitution,say,1,em
substitution,say,2,yeah
substitution,say,1,in
substitution,say,1,wasting
substitution,say,1,down
substitution,say,1,dont
substitution,say,1,honey
substitution,buyin,1,even
substitution,em,1,lie
substitution,em,1,niggas
substitution,em,1,looks
substitution,em,2,the
substitution,em,1,got
substitution,em,1,work
substitution,em,1,many
substitution,em,1,off
substitution,em,1,in
substitution,purses,1,you
substitution,cant,1,my
substitution,cant,1,with
substitution,cant,1,it
substitution,cant,1,and
substitution,cant,1,can
substitution,even,1,type
substitution,even,1,in
substitution,even,1,me
substitution,even,1,to
substitution,even,1,them
substitution,even,1,now
substitution,my,1,even
substitution,my,1,every
substitution,my,1,not
substitution,my,1,of
substitution,my,2,got
substitution,my,1,slipping
substitution,my,1,phone
substitution,my,1,pm
substitution,my,1,soon
substitution,my,1,alive
substitution,my,1,dont
substitution,my,1,hope
substitution,my,1,bout
substitution,my,1,slat
substitution,my,1,any
substitution,my,1,in
substitution,my,3,you
substitution,my,1,yeah
substitution,my,1,that
substitution,my,1,a
substitution,my,1,half
substitution,my,1,more
substitution,my,1,wanna
substitution,my,1,dark
substitution,my,1,feeling
substitution,my,1,this
substitution,my,1,pencil
substitution,my,1,fly
substitution,my,1,it
substitution,my,1,hearin
substitution,my,1,flipped
substitution,my,1,stiff
substitution,type,1,know
substitution,aint,1,fine
substitution,aint,1,keep
substitution,aint,1,tried
substitution,aint,1,we
substitution,aint,1,i
substitution,aint,1,my
substitution,aint,1,top
substitution,aint,1,but
substitution,aint,1,upside
substitution,aint,1,ha
substitution,aint,1,look
substitution,aint,1,some
substitution,all,1,purses
substitution,all,1,em
substitution,all,1,are
substitution,all,1,by
substitution,all,1,im
substitution,all,1,off
substitution,all,1,damn
substitution,all,1,but
substitution,all,2,at
substitution,all,1,yeah
substitution,all,1,been
substitution,all,1,got
substitution,all,1,five
substitution,all,1,in
substitution,all,1,a
substitution,all,1,ball
substitution,that,2,i
substitution,that,1,a
substitution,that,1,ns
substitution,that,2,my
substitution,that,1,hope
substitution,that,1,soul
substitution,that,3,yummy
substitution,that,1,word
substitution,that,2,yeah
substitution,that,2,you
substitution,that,1,say
substitution,that,1,have
substitution,that,1,be
substitution,that,1,fill
substitution,that,1,see
substitution,that,1,tell
substitution,that,1,fix
substitution,that,1,the
substitution,that,1,dont
substitution,that,1,and
substitution,that,1,got
substitution,that,1,no
substitution,fine,1,can
substitution,fine,1,i
substitution,person,1,you
substitution,can,1,you
substitution,can,1,in
substitution,can,1,my
substitution,can,1,sell
substitution,can,1,know
substitution,can,1,me
substitution,guarantee,1,my
substitution,kind,1,bag
substitution,she,1,you
substitution,she,1,here日수오름
substitution,she,1,be
substitution,she,2,it
substitution,she,1,trappin
substitution,she,1,cold
substitution,she,1,inside
substitution,she,2,roxanne
substitution,she,2,only
substitution,she,1,a
substitution,she,1,shorty
substitution,she,1,if
substitution,she,1,needed
substitution,got,1,can
substitution,got,1,traffic
substitution,got,1,nuts
substitution,got,2,the
substitution,got,1,you
substitution,got,1,love
substitution,got,1,wake
substitution,got,1,ima
substitution,got,1,yeah
substitution,got,1,yummy
substitution,got,1,and
substitution,got,1,nothing
substitution,got,1,just
substitution,got,1,aint
substitution,got,1,now
substitution,got,1,my
substitution,got,1,stomach
substitution,got,1,life
substitution,got,2,your
substitution,got,2,know
substitution,got,1,shit
substitution,got,1,to
substitution,got,1,baby
substitution,got,1,askin
substitution,every,1,imagine
substitution,every,1,love
substitution,every,1,everyday
substitution,every,1,when
substitution,bag,1,big
substitution,bag,1,way
substitution,bag,1,pretty
substitution,bag,1,you
substitution,imagine,1,really
substitution,big,1,be
substitution,big,1,and
substitution,house,1,bragging
substitution,house,1,its
substitution,really,1,my
substitution,really,1,here
substitution,really,1,can
substitution,really,1,or
substitution,braggin,1,like
substitution,hundred,1,whats
substitution,hundred,1,get
substitution,hundred,1,faded
substitution,hundred,1,little
substitution,hundred,1,different
substitution,thousand,1,bad
substitution,mouth,1,the
substitution,mouth,1,her
substitution,mouth,1,on
substitution,like,1,big
substitution,like,1,ns
substitution,like,1,deals
substitution,like,1,shorty
substitution,like,1,babe
substitution,like,1,high
substitution,like,2,ill
substitution,like,1,ball
substitution,whats,1,cheap
substitution,whats,1,my
substitution,happenin,1,she
substitution,not,1,does
substitution,not,1,what
substitution,not,1,think
substitution,the,1,embarrass
substitution,the,1,probably
substitution,the,1,turning
substitution,the,2,a
substitution,the,1,any
substitution,the,1,see
substitution,the,2,dont
substitution,the,3,we
substitution,the,2,eboot
substitution,the,1,fuck
substitution,the,1,swat
substitution,the,4,i
substitution,the,2,get
substitution,the,2,babe
substitution,the,1,my
substitution,the,1,stallion
substitution,the,2,no
substitution,the,2,every
substitution,the,1,around
substitution,the,1,spinning
substitution,the,4,it
substitution,the,1,its
substitution,the,1,hair
substitution,the,1,totally
substitution,the,1,gotta
substitution,the,2,you
substitution,the,1,drugs
substitution,the,1,some
substitution,the,1,drop
substitution,the,1,but
substitution,the,1,she
substitution,the,1,only
substitution,the,1,yall
substitution,the,1,promo
substitution,the,1,keep
substitution,the,2,do
substitution,the,1,top
substitution,the,1,car
substitution,the,2,that
substitution,the,1,speed
substitution,the,1,love
substitution,the,1,wildin
substitution,the,1,come
substitution,the,1,be
substitution,the,2,im
substitution,the,1,carpet
substitution,the,1,floor
substitution,the,1,with
substitution,the,1,go
substitution,the,1,in
substitution,the,1,gave
substitution,cheap,1,he
substitution,cheap,1,week
substitution,teeth,1,aint
substitution,thats,1,me
substitution,embarrasin,1,you
substitution,he,1,can
substitution,he,1,just
substitution,me,2,the
substitution,me,1,last
substitution,me,1,hit
substitution,me,1,deal
substitution,me,1,im
substitution,me,1,babe
substitution,me,1,love
substitution,me,1,gotta
substitution,me,1,ive
substitution,me,1,red
substitution,me,1,have
substitution,me,1,i
substitution,me,2,she
substitution,me,1,been
substitution,me,1,never
substitution,me,1,cause
substitution,me,1,and
substitution,me,1,army
substitution,me,1,for
substitution,me,1,know
substitution,keep,1,bitch
substitution,keep,1,here
substitution,keep,1,new
substitution,keep,1,no
substitution,keep,1,im
substitution,keep,1,you
substitution,keep,1,roxanne
substitution,comparisons,1,one
substitution,bitch,1,the
substitution,bitch,1,tryna
substitution,bitch,1,i
substitution,bitch,1,good
substitution,probably,1,baddies
substitution,probably,1,papa
substitution,probably,1,they
substitution,one,1,good
substitution,one,1,done
substitution,one,1,do
substitution,one,1,can
substitution,one,1,past
substitution,of,1,girl
substitution,of,1,keep
substitution,of,1,away
substitution,of,1,nobody
substitution,of,1,im
substitution,of,1,no
substitution,of,1,the
substitution,of,1,get
substitution,of,1,had
substitution,of,1,crystal
substitution,baddest,1,into
substitution,good,2,a
substitution,good,1,toss
substitution,good,1,bullshit
substitution,good,1,im
substitution,good,1,me
substitution,girl,1,savage
substitution,girl,1,so
substitution,girl,1,only
substitution,girl,1,a
substitution,girl,1,and
substitution,turned,1,this
substitution,into,1,got
substitution,savage,1,problem
substitution,dispatch,1,in
substitution,problem,1,cant
substitution,traffic,1,it
substitution,we,1,matching
substitution,we,1,keep
substitution,we,1,got
substitution,we,1,lot
substitution,we,1,far
substitution,we,1,vagan
substitution,we,1,be
substitution,we,1,change
substitution,came,1,she
substitution,through,1,wagging
substitution,through,1,just
substitution,through,1,me
substitution,through,1,need
substitution,matching,1,key
substitution,gwagons,1,i
substitution,lowkey,1,been
substitution,ive,1,keeping
substitution,ive,1,dodging
substitution,ive,1,through
substitution,been,1,it
substitution,been,2,the
substitution,been,1,death
substitution,keeping,1,classy
substitution,it,1,could
substitution,it,1,this
substitution,it,1,im
substitution,it,2,i
substitution,it,1,pistol
substitution,it,1,the
substitution,it,1,magic
substitution,it,1,jet
substitution,it,1,shit
substitution,it,1,youre
substitution,it,1,be
substitution,it,1,sorry
substitution,it,1,no
substitution,it,1,fucking
substitution,it,1,like
substitution,it,1,in
substitution,it,1,have
substitution,it,1,with
substitution,it,1,ive
substitution,it,1,flex
substitution,it,1,sex
substitution,it,1,now
substitution,it,1,but
substitution,it,1,you
substitution,it,1,me
substitution,it,1,couldnt
substitution,it,1,love
substitution,it,1,ass
substitution,it,1,that
substitution,it,1,hop
substitution,it,1,oh
substitution,it,1,your
substitution,it,1,she
substitution,it,1,free
substitution,it,1,around
substitution,classy,1,be
substitution,could,1,really
substitution,out,1,doing
substitution,out,1,eboot
substitution,out,2,fuck
substitution,out,1,you
substitution,out,1,put
substitution,out,1,my
substitution,out,1,on
substitution,out,1,far
substitution,out,1,her
substitution,out,1,estate
substitution,doin,1,nasty
substitution,doin,2,doing
substitution,doin,1,im
substitution,doin,1,my
substitution,doin,1,feeling
substitution,nasty,1,couldnt
substitution,niggas,1,even
substitution,niggas,1,last
substitution,niggas,3,ns
substitution,niggas,1,they
substitution,niggas,1,what
substitution,niggas,1,know
substitution,niggas,1,nigga
substitution,niggas,1,i
substitution,niggas,1,mil
substitution,couldnt,1,see
substitution,couldnt,1,jotka
substitution,couldnt,1,the
substitution,see,1,in
substitution,see,1,got
substitution,see,1,as
substitution,see,1,be
substitution,see,1,of
substitution,see,1,versus
substitution,last,1,just
substitution,last,1,i
substitution,last,1,sure
substitution,year,1,started
substitution,just,2,and
substitution,just,1,the
substitution,just,1,out
substitution,just,1,gotta
substitution,just,1,bit
substitution,just,1,warning
substitution,just,1,babe
substitution,just,1,oh
substitution,just,1,like
substitution,just,1,drive
substitution,just,1,back
substitution,just,1,nick
substitution,just,1,its
substitution,just,1,found
substitution,started,1,im
substitution,and,1,niggas
substitution,and,1,passed
substitution,and,1,wont
substitution,and,1,so
substitution,and,1,going
substitution,and,1,my
substitution,and,1,inside
substitution,and,1,ever
substitution,and,2,im
substitution,and,1,never
substitution,and,1,babe
substitution,and,1,you
substitution,and,1,ways
substitution,and,1,for
substitution,and,1,bands
substitution,and,2,a
substitution,and,1,little
substitution,and,1,lookin
substitution,and,1,to
substitution,and,1,dont
substitution,and,1,stained
substitution,and,1,louis
substitution,and,1,appalled
substitution,and,1,mental
substitution,and,1,soon
substitution,and,1,at
substitution,them,1,in
substitution,them,1,kinda
substitution,gear,1,aint
substitution,try,1,when
substitution,try,1,let
substitution,to,2,i
substitution,to,2,a
substitution,to,1,advice
substitution,to,1,through
substitution,to,1,man
substitution,to,1,cheap
substitution,to,1,im
substitution,to,1,and
substitution,to,1,is
substitution,to,1,me
substitution,to,1,you
substitution,to,1,mine
substitution,to,1,the
substitution,to,1,all
substitution,to,1,laws
substitution,to,1,in
substitution,to,1,too
substitution,to,1,this
substitution,to,1,on
substitution,passed,1,giving
substitution,passed,1,doing
substitution,workin,2,working
substitution,patek,2,paddock
substitution,patek,1,caught
substitution,patek,1,it
substitution,goin,1,going
substitution,goin,1,okay
substitution,caught,1,call
substitution,caught,1,someone
substitution,once,1,ones
substitution,once,1,block
substitution,id,1,i
substitution,id,2,a
substitution,id,1,for
substitution,id,1,just
substitution,was,1,feels
substitution,was,1,shit
substitution,was,1,where
substitution,manor,1,man
substitution,manor,1,plush
substitution,are,1,a
substitution,are,1,hole
substitution,are,1,breaking
substitution,numbered,1,number
substitution,wakin,1,waking
substitution,some,1,something
substitution,some,1,it
substitution,some,2,the
substitution,some,1,say
substitution,some,1,in
substitution,some,1,watch
substitution,some,1,out
substitution,off,1,up
substitution,off,1,some
substitution,off,1,out
substitution,off,1,you
substitution,off,1,midst
substitution,turn,1,turned
substitution,turn,1,vinci
substitution,givin,1,giving
substitution,usual,1,swear
substitution,swear,1,passed
substitution,us,2,too
substitution,they,1,much
substitution,they,1,had
substitution,they,1,a
substitution,they,1,off
substitution,they,1,talkin
substitution,they,1,diggin
substitution,they,1,she
substitution,much,1,turned
substitution,havent,1,up
substitution,done,1,virgil
substitution,done,1,racks
substitution,taxes,1,a
substitution,too,1,on
substitution,too,1,bottoms
substitution,too,1,it
substitution,too,1,roof
substitution,too,1,plan
substitution,too,1,down
substitution,turnt,1,my
substitution,up,1,wrist
substitution,up,1,man
substitution,up,1,lui
substitution,up,1,you
substitution,up,1,in
substitution,up,1,do
substitution,up,1,these
substitution,up,1,and
substitution,up,1,night
substitution,up,1,to
substitution,up,1,song
substitution,up,1,my
substitution,virgil,1,going
substitution,on,1,me
substitution,on,1,stressin
substitution,on,2,babe
substitution,on,1,no
substitution,on,2,yeah
substitution,on,1,come
substitution,on,1,lord
substitution,on,2,in
substitution,on,1,not
substitution,on,1,put
substitution,on,1,floor
substitution,on,1,we
substitution,on,1,need
substitution,on,1,away
substitution,on,1,v
substitution,on,1,dance
substitution,on,1,product
substitution,on,1,shit
substitution,on,1,you
substitution,wrist,1,ones
substitution,nuts,1,so
substitution,slippin,1,your
substitution,okay,1,up
substitution,okay,2,you
substitution,so,2,i
substitution,so,1,dollars
substitution,so,1,baby
substitution,so,1,to
substitution,so,1,just
substitution,so,1,me
substitution,so,1,your
substitution,so,1,whole
substitution,so,1,you
substitution,so,1,list
substitution,what,1,tell
substitution,what,1,make
substitution,what,2,you
substitution,what,1,time
substitution,what,1,just
substitution,what,1,me
substitution,what,1,doors
substitution,what,1,your
substitution,someone,1,you
substitution,someone,1,and
substitution,hit,1,it
substitution,hit,1,bells
substitution,block,1,us
substitution,tell,1,house
substitution,tell,1,some
substitution,tell,1,at
substitution,rosewood,1,man
substitution,this,1,got
substitution,this,1,under
substitution,this,1,in
substitution,this,1,me
substitution,this,1,life
substitution,this,6,diss
substitution,this,1,even
substitution,this,1,tryna
substitution,this,1,back
substitution,this,1,just
substitution,shit,1,red
substitution,shit,1,your
substitution,shit,1,all
substitution,shit,1,aint
substitution,shit,1,my
substitution,plush,1,on
substitution,room,1,infinities
substitution,room,1,some
substitution,room,1,you
substitution,fumes,1,shout
substitution,fill,1,불이оже
substitution,fill,1,money
substitution,mind,1,이렇게
substitution,mind,1,so
substitution,with,1,there
substitution,with,1,fumed
substitution,with,1,as
substitution,with,1,box
substitution,with,1,glad
substitution,with,1,unless
substitution,with,1,i
substitution,with,1,cash
substitution,with,1,she
substitution,with,1,like
substitution,with,1,mouth
substitution,with,1,bitch
substitution,with,1,fuck
substitution,with,1,couple
substitution,ideas,1,is
substitution,highest,1,hope
substitution,lit,1,that
substitution,hope,1,you
substitution,hope,1,die
substitution,make,1,fear
substitution,make,1,that
substitution,make,1,got
substitution,outta,1,doing
substitution,outta,1,on
substitution,outta,1,out
substitution,lets,1,show
substitution,lets,1,the
substitution,lets,1,whip
substitution,lets,1,talkin
substitution,lets,1,baby
substitution,saw,1,back
substitution,saw,1,there
substitution,eyes,1,tattin
substitution,eyes,1,curl
substitution,eyes,1,star
substitution,eyes,1,believe
substitution,gone,1,now
substitution,things,1,in
substitution,things,1,gonna
substitution,things,1,all
substitution,might,1,legs
substitution,might,1,a
substitution,might,1,i
substitution,might,1,everything
substitution,fear,1,wrapped
substitution,fear,1,feel
substitution,fear,1,time
substitution,show,1,got
substitution,show,1,shits
substitution,ill,2,the
substitution,ill,2,i
substitution,ill,1,know
substitution,ill,1,under
substitution,ill,1,rainbow
substitution,back,1,car
substitution,back,1,my
substitution,back,1,at
substitution,back,1,yeah
substitution,back,1,she
substitution,back,1,heartless
substitution,back,1,a
substitution,soon,2,in
substitution,soon,1,zoom
substitution,wanna,1,outta
substitution,wanna,1,it
substitution,wanna,1,back
substitution,wanna,1,you
substitution,wanna,1,never
substitution,wanna,1,party
substitution,wanna,1,a
substitution,hear,1,here
substitution,hear,1,it
substitution,nah,1,when
substitution,now,1,im
substitution,now,1,you
substitution,now,1,and
substitution,now,1,running
substitution,now,1,thing
substitution,now,1,fallin
substitution,now,1,around
substitution,ah,1,say
substitution,ah,1,side
substitution,ah,1,fire
substitution,ah,1,you
substitution,legs,1,you
substitution,wrapped,1,love
substitution,around,1,me
substitution,around,1,to
substitution,around,1,splint
substitution,around,1,dm
substitution,around,1,therapeutic
substitution,beard,1,you
substitution,fastest,1,cry
substitution,car,1,but
substitution,zoom,1,dont
substitution,skrrt,1,wanna
substitution,skrrt,1,a
substitution,when,1,case
substitution,when,1,with
substitution,when,1,rise
substitution,when,1,but
substitution,alive,1,what
substitution,love,1,i
substitution,love,1,me
substitution,love,1,your
substitution,love,1,for
substitution,love,1,dont
substitution,love,1,asshole
substitution,love,1,they
substitution,love,1,the
substitution,love,1,it
substitution,dont,1,im
substitution,dont,1,make
substitution,dont,1,walk
substitution,dont,1,man
substitution,dont,1,i
substitution,dont,1,keep
substitution,dont,1,go
substitution,dont,3,say
substitution,dont,1,wanna
substitution,dont,1,want
substitution,dont,1,proud
substitution,dont,1,do
substitution,lie,1,high
substitution,wont,1,a
substitution,wont,1,no
substitution,wont,1,enough
substitution,wont,1,get
substitution,cross,1,gnome
substitution,cross,1,did
substitution,heart,1,i
substitution,heart,1,man
substitution,heart,1,with
substitution,die,1,outta
substitution,die,1,dont
substitution,pistol,1,aint
substitution,side,1,the
substitution,side,1,you
substitution,youd,1,you
substitution,mm,1,mmhmm
substitution,cried,1,nobody
substitution,cried,1,even
substitution,cried,1,noticed
substitution,cried,1,i
substitution,nobody,1,saw
substitution,nobody,1,you
substitution,nobody,1,i
substitution,noticed,1,standing
substitution,standing,1,thought
substitution,right,1,they
substitution,there,1,might
substitution,there,1,now
substitution,there,1,guy
substitution,kinda,1,care
substitution,kinda,1,hair
substitution,thought,1,i
substitution,care,1,dream
substitution,care,1,got
substitution,had,1,wanted
substitution,had,1,hit
substitution,had,1,cant
substitution,had,1,glad
substitution,had,1,him
substitution,had,1,the
substitution,dream,1,when
substitution,everything,1,up
substitution,wanted,1,see
substitution,but,1,you
substitution,but,1,if
substitution,but,1,with
substitution,but,1,think
substitution,but,1,ay
substitution,but,1,get
substitution,but,1,17
substitution,but,1,never
substitution,but,1,till
substitution,but,1,the
substitution,but,1,again
substitution,wake,1,and
substitution,paint,1,pain
substitution,any,1,when
substitution,any,1,my
substitution,any,1,yeah
substitution,storm,1,its
substitution,facing,1,pissing
substitution,will,1,the
substitution,will,1,theres
substitution,will,1,whisper
substitution,blow,1,car
substitution,put,1,but
substitution,put,1,lick
substitution,put,1,to
substitution,put,1,and
substitution,pullin,1,eboot
substitution,coupe,1,eboot
substitution,at,1,eboot
substitution,at,1,really
substitution,at,1,wanna
substitution,at,1,the
substitution,at,1,do
substitution,at,1,and
substitution,lot,1,pulling
substitution,lot,1,want
substitution,lot,1,i
substitution,lot,1,you
substitution,told,1,out
substitution,told,2,so
substitution,fuck,1,coupe
substitution,fuck,1,the
substitution,fuck,1,real
substitution,fuck,1,my
substitution,12,1,at
substitution,swat,1,lot
substitution,bustin,1,told
substitution,bells,1,12
substitution,box,1,bustin
substitution,box,1,just
substitution,box,1,put
substitution,lick,1,the
substitution,lick,1,things
substitution,stick,1,box
substitution,mmh,1,the
substitution,pour,1,stick
substitution,whole,1,box
substitution,whole,1,trips
substitution,damn,1,pour
substitution,damn,1,she
substitution,seal,1,up
substitution,ima,1,the
substitution,ima,1,wont
substitution,get,1,whole
substitution,get,1,on
substitution,get,1,come
substitution,get,1,to
substitution,get,1,ill
substitution,get,1,inside
substitution,get,1,cause
substitution,get,1,investin
substitution,get,1,and
substitution,get,1,aint
substitution,get,1,shit
substitution,lazy,1,damn
substitution,mojo,1,lazy
substitution,deals,1,i
substitution,trappin,1,mojo
substitution,80s,1,been
substitution,sucked,1,like
substitution,nigga,1,80s
substitution,nigga,1,out
substitution,nigga,1,which
substitution,nigga,1,went
substitution,soul,1,she
substitution,soul,1,i
substitution,gotta,1,such
substitution,gotta,1,be
substitution,gotta,1,people
substitution,gotta,1,to
substitution,gotta,1,collar
substitution,gotta,1,tryna
substitution,gotta,1,sign
substitution,gotta,1,it
substitution,gotta,1,niggas
substitution,gotta,1,prada
substitution,cash,1,a
substitution,cash,1,ask
substitution,app,1,nigga
substitution,wipe,1,the
substitution,nose,1,told
substitution,slatt,1,wipe
substitution,slatt,1,a
substitution,never,1,say
substitution,never,1,cause
substitution,never,1,tears
substitution,never,1,im
substitution,never,1,postout
substitution,never,1,no
substitution,never,1,you
substitution,sell,1,slat
substitution,where,1,and
substitution,where,1,niggas
substitution,stash,1,was
substitution,cruise,1,back
substitution,city,1,stash
substitution,bulletproof,1,city
substitution,cadillac,1,in
substitution,cause,1,bulletproof
substitution,cause,1,good
substitution,cause,1,something
substitution,cause,1,this
substitution,cause,1,ah
substitution,cause,1,make
substitution,cause,1,is
substitution,cause,1,bad
substitution,cause,1,and
substitution,cause,1,be
substitution,cause,1,much
substitution,cause,1,seasons
substitution,these,1,i
substitution,these,1,player
substitution,after,1,these
substitution,for,1,fire
substitution,for,1,to
substitution,for,1,i
substitution,for,1,me
substitution,for,1,of
substitution,for,1,no
substitution,for,2,heartless
substitution,for,1,im
substitution,for,1,fuck
substitution,for,1,woke
substitution,playin,1,playing
substitution,rim,1,reign
substitution,yummyyum,3,yummy
substitution,yummyyum,1,on
substitution,yummyyum,1,way
substitution,yummyyum,1,got
substitution,yummyyum,1,the
substitution,yummyyummy,2,yummy
substitution,yummyyummy,1,babe
substitution,word,2,yeah
substitution,word,1,stable
substitution,way,1,day
substitution,way,2,the
substitution,way,1,stay
substitution,way,1,babe
substitution,way,1,got
substitution,way,1,it
substitution,babe,1,day
substitution,babe,1,the
substitution,babe,1,on
substitution,babe,1,or
substitution,babe,1,say
substitution,babe,1,word
substitution,babe,1,set
substitution,babe,1,yeah
substitution,night,1,way
substitution,night,1,sure
substitution,night,1,its
substitution,night,1,she
substitution,day,1,babe
substitution,day,1,million
substitution,day,1,like
substitution,mornin,1,way
substitution,or,1,bonafide
substitution,or,1,oh
substitution,or,1,what
substitution,or,1,go
substitution,or,1,a
substitution,late,1,aint
substitution,bona,1,on
substitution,fide,1,the
substitution,stallion,1,run
substitution,no,1,the
substitution,no,1,youre
substitution,no,1,your
substitution,no,1,good
substitution,no,1,a
substitution,no,1,tell
substitution,no,1,man
substitution,no,3,i
substitution,no,2,just
substitution,no,1,and
substitution,no,1,is
substitution,no,1,gon
substitution,no,1,they
substitution,no,1,baby
substitution,no,1,we
substitution,no,1,with
substitution,stable,1,side
substitution,stay,1,one
substitution,run,1,time
substitution,run,1,cold
substitution,run,1,let
substitution,run,1,on
substitution,run,1,the
substitution,run,1,but
substitution,youre,1,get
substitution,youre,1,you
substitution,youre,1,i
substitution,youre,1,it
substitution,youre,1,all
substitution,number,1,it
substitution,time,1,the
substitution,time,1,and
substitution,time,1,i
substitution,fiftyfifty,1,on
substitution,split,1,a
substitution,racks,1,lit
substitution,help,1,and
substitution,help,1,i
substitution,spend,1,that
substitution,light,1,watch
substitution,match,1,sunset
substitution,litty,1,home
substitution,jet,1,rolling
substitution,set,1,eyes
substitution,set,1,that
substitution,watch,1,back
substitution,watch,1,across
substitution,sunset,1,my
substitution,rollin,1,toes
substitution,head,1,you
substitution,toes,1,yummy
substitution,curl,1,yummy
substitution,feeling,1,feelin
substitution,feeling,1,hair
substitution,feeling,1,of
substitution,feeling,1,the
substitution,feeling,1,even
substitution,as,1,check
substitution,as,1,gone
substitution,as,1,all
substitution,as,1,the
substitution,hell,1,my
substitution,hell,1,dust
substitution,hair,2,nails
substitution,toss,2,baby
substitution,check,2,how
substitution,nails,2,feelin
substitution,woo,1,your
substitution,woo,1,in
substitution,child,1,shoulders
substitution,tired,1,off
substitution,bullshit,1,movin
substitution,dust,1,tryin
substitution,shoulders,1,get
substitution,moving,1,in
substitution,yes,1,there
substitution,lord,1,swimwear
substitution,lord,1,some
substitution,tryna,1,goin
substitution,tryna,1,the
substitution,tryna,1,but
substitution,tryna,1,never
substitution,tryna,1,to
substitution,tryna,1,trying
substitution,tryna,1,dog
substitution,tryna,1,mama
substitution,tryna,1,and
substitution,new,1,pool
substitution,swimwear,1,come
substitution,goingtothepool,1,dry
substitution,dry,1,you
substitution,star,1,sky
substitution,touch,1,that
substitution,touch,1,no
substitution,sky,1,hard
substitution,hard,1,try
substitution,have,1,need
substitution,have,1,love
substitution,have,1,nothing
substitution,have,1,youre
substitution,need,1,if
substitution,need,1,gotta
substitution,need,1,know
substitution,need,1,it
substitution,need,1,do
substitution,need,1,find
substitution,need,1,pound
substitution,advice,1,he
substitution,let,1,dont
substitution,let,1,lay
substitution,let,1,the
substitution,let,1,honey
substitution,let,1,its
substitution,let,1,our
substitution,simplify,1,you
substitution,anymore,1,ass
substitution,walk,1,the
substitution,walk,1,you
substitution,walk,1,let
substitution,ass,1,do
substitution,ass,1,got
substitution,ass,1,okay
substitution,door,1,toss
substitution,offkey,1,off
substitution,rosecolored,1,rose
substitution,hurtin,1,herd
substitution,dancing,1,dance
substitution,bruises,1,roses
substitution,mama,1,momma
substitution,mama,1,it
substitution,tight,1,type
substitution,cut,1,what
substitution,about,1,gotta
substitution,about,1,it
substitution,two,1,what
substitution,times,1,a
substitution,question,1,be
substitution,reason,1,locked
substitution,yours,1,by
substitution,yours,1,what
substitution,yours,1,up
substitution,yours,1,you
substitution,move,1,man
substitution,earth,1,say
substitution,fight,1,man
substitution,smile,1,last
substitution,flaws,1,first
substitution,flaws,1,day
substitution,flaws,1,nine
substitution,tryin,1,a
substitution,parttime,1,what
substitution,lover,1,a
substitution,sign,1,man
substitution,fulltime,1,totally
substitution,do,1,prove
substitution,do,1,grab
substitution,do,1,and
substitution,do,1,be
substitution,do,1,thing
substitution,do,1,sky
substitution,do,1,gonna
substitution,do,1,in
substitution,do,1,brutal
substitution,do,1,there
substitution,do,1,circles
substitution,man,1,tryna
substitution,man,1,stupid
substitution,man,1,you
substitution,man,1,the
substitution,man,1,not
substitution,man,1,lover
substitution,man,1,are
substitution,man,1,can
substitution,man,1,me
substitution,pray,1,and
substitution,first,1,gave
substitution,totally,1,lock
substitution,locked,1,on
substitution,by,1,doors
substitution,prove,1,me
substitution,allornothing,1,all
substitution,liked,1,like
substitution,numbed,1,know
substitution,pain,1,poet
substitution,pain,1,for
substitution,guard,1,gun
substitution,pulled,1,pull
substitution,getting,1,scared
substitution,being,1,be
substitution,loved,1,were
substitution,going,1,left
substitution,under,1,im
substitution,under,1,and
substitution,theres,2,i
substitution,theres,1,gotta
substitution,chest,1,no
substitution,anger,1,malice
substitution,malice,1,little
substitution,little,1,regret
substitution,little,1,this
substitution,bit,1,know
substitution,bit,1,rich
substitution,regret,1,else
substitution,regret,1,will
substitution,else,1,so
substitution,gonna,1,and
substitution,gonna,1,a
substitution,jot,1,then
substitution,down,1,out
substitution,down,1,would
substitution,down,1,and
substitution,down,1,plant
substitution,half,1,that
substitution,think,1,cant
substitution,think,1,keep
substitution,think,1,cause
substitution,hole,1,and
substitution,inside,1,cars
substitution,inside,1,facades
substitution,inside,1,the
substitution,inside,1,do
substitution,money,1,i
substitution,money,1,lines
substitution,money,1,heartless
substitution,money,1,why
substitution,drugs,1,never
substitution,cars,1,had
substitution,glad,1,with
substitution,glad,1,then
substitution,ever,1,you
substitution,ever,1,cause
substitution,ever,1,only
substitution,ever,1,summer
substitution,ever,1,airscent
substitution,ever,1,aint
substitution,nothing,1,you
substitution,nothing,1,have
substitution,unless,1,oh
substitution,something,1,feel
substitution,something,1,run
substitution,feel,1,tried
substitution,feel,1,it
substitution,sorry,1,help
substitution,sad,1,aint
substitution,tried,1,bad
substitution,tried,1,aint
substitution,made,1,about
substitution,made,1,so
substitution,made,1,cause
substitution,made,1,i
substitution,mad,1,are
substitution,warning,1,made
substitution,who,1,out
substitution,without,1,that
substitution,breaking,1,you
substitution,ran,1,touch
substitution,fuckin,1,again
substitution,far,1,wont
substitution,would,1,alligator
substitution,would,1,it
substitution,would,1,say
substitution,again,1,had
substitution,again,1,dare
substitution,alligator,1,gonna
substitution,tears,1,start
substitution,mustard,1,i
substitution,beat,1,ice
substitution,hoe,1,on
substitution,shawty,1,you
substitution,shawty,1,if
substitution,shawty,1,i
substitution,clap,1,a
substitution,applause,1,gotta
substitution,high,1,keep
substitution,high,1,a
substitution,fashion,1,my
substitution,goyard,1,on
substitution,gwagon,1,go
substitution,rover,1,that
substitution,ice,1,floor
substitution,ice,1,to
substitution,cold,1,deal
substitution,cold,1,do
substitution,drop,1,hands
substitution,drop,1,too
substitution,drop,1,needed
substitution,floorfloor,1,okay
substitution,ahah,1,i
substitution,woah,1,call
substitution,deal,1,babe
substitution,deal,1,probably
substitution,none,1,aint
substitution,more,1,got
substitution,hop,1,of
substitution,hop,1,hot
substitution,benz,1,let
substitution,is,1,me
substitution,is,1,i
substitution,is,1,love
substitution,is,1,the
substitution,is,1,low
substitution,is,1,roll
substitution,prada,1,start
substitution,bae,1,at
substitution,bae,1,like
substitution,bae,1,shanaynay
substitution,bae,1,pull
substitution,bae,1,and
substitution,player,1,the
substitution,player,1,up
substitution,baes,1,shoe
substitution,start,1,right
substitution,bottom,1,want
substitution,bottom,1,i
substitution,shoe,1,doing
substitution,red,1,dont
substitution,ride,1,in
substitution,top,1,44
substitution,top,1,drop
substitution,chanene,1,if
substitution,dioo,1,i
substitution,only,1,a
substitution,only,1,like
substitution,only,1,youre
substitution,only,1,do
substitution,only,1,got
substitution,promo,1,inside
substitution,pull,1,heart
substitution,rise,1,pedicure
substitution,fourfour,1,do
substitution,cocoa,1,you
substitution,facades,1,anything
substitution,state,1,i
substitution,lost,1,eyes
substitution,believe,1,dont
substitution,believe,1,me
substitution,believe,1,i
substitution,mine,1,walk
substitution,honey,1,through
substitution,honey,1,for
substitution,fire,1,let
substitution,fire,1,adore
substitution,fire,1,blood
substitution,adore,1,walk
substitution,adore,1,only
substitution,thing,1,its
substitution,thing,1,wonder
substitution,thing,1,it
substitution,wonder,1,skin
substitution,summer,1,lemon
substitution,summer,1,would
substitution,skies,1,overrides
substitution,skies,1,you
substitution,brown,1,believe
substitution,skin,1,it
substitution,lemon,1,dont
substitution,wait,1,roxanne
substitution,wait,1,drive
substitution,94,1,she
substitution,brakes,1,party
substitution,roxanne,1,night
substitution,roxanne,1,god
substitution,roxanne,1,think
substitution,roxanne,1,met
substitution,roxanne,1,her
substitution,party,1,me
substitution,party,1,hills
substitution,party,1,for
substitution,god,1,alright
substitution,alright,1,a
substitution,an,1,back
substitution,asshole,1,though
substitution,running,1,all
substitution,running,1,cause
substitution,running,1,i
substitution,though,1,wanna
substitution,pay,1,all
substitution,met,1,just
substitution,hills,1,thrill
substitution,thrill,1,but
substitution,drive,1,throw
substitution,drive,1,a
substitution,poodle,1,money
substitution,throw,1,wait
substitution,gon,1,its
substitution,ayy,1,long
substitution,ayy,2,so
substitution,ayy,1,poppin
substitution,lines,1,whip
substitution,long,1,fall
substitution,whip,1,when
substitution,whip,1,my
substitution,whip,1,finished
substitution,roof,1,cash
substitution,find,1,one
substitution,find,1,we
substitution,fix,1,ive
substitution,dodgin,1,in
substitution,death,1,the
substitution,six,1,amphetamine
substitution,speed,1,got
substitution,amphetamine,1,my
substitution,stummy,1,sickly
substitution,feelin,1,i
substitution,sickly,1,want
substitution,runnin,1,pussy
substitution,pussy,1,dog
substitution,pussy,1,a
substitution,dog,1,models
substitution,pound,1,getting
substitution,models,1,in
substitution,gettin,1,a
substitution,faded,1,compound
substitution,compound,1,me
substitution,pulse,1,heartless
substitution,why,1,im
substitution,why,1,make
substitution,heartless,1,my
substitution,heartless,1,pain
substitution,heartless,1,better
substitution,heartless,1,be
substitution,ways,1,money
substitution,low,2,said
substitution,low,1,at
substitution,life,2,im
substitution,life,1,tryna
substitution,life,1,so
substitution,said,1,man
substitution,said,1,falling
substitution,better,1,wetting
substitution,weddin,1,life
substitution,plan,1,cause
substitution,plan,1,to
substitution,bummer,3,by
substitution,awkward,1,hawk
substitution,leg,1,that
substitution,secluded,1,supported
substitution,before,1,so
substitution,f,1,fuck
substitution,babies,1,value
substitution,leave,1,deal
substitution,trips,1,i
substitution,next,1,baby
substitution,week,1,that
substitution,bands,1,you
substitution,n,1,next
substitution,flex,1,long
substitution,od,1,for
substitution,od,1,cheap
substitution,sex,1,so
substitution,pretty,1,you
substitution,lil,1,got
substitution,lil,1,you
substitution,wildin,1,got
substitution,took,1,and
substitution,mileage,1,took
substitution,hittin,1,the
substitution,dm,1,mileage
substitution,dm,1,some
substitution,lookin,1,way
substitution,violent,1,they
substitution,talkin,1,hittin
substitution,talkin,1,diggity
substitution,silent,1,why
substitution,flew,1,you
substitution,flew,1,cop
substitution,coop,1,around
substitution,17,1,now
substitution,guidance,1,silent
substitution,stayin,1,coupe
substitution,vibes,1,stayin
substitution,nowhere,1,the
substitution,bein,1,fives
substitution,modest,1,is
substitution,poppin,1,it
substitution,poppin,1,bein
substitution,nine,1,in
substitution,five,1,bag
substitution,work,1,workin
substitution,perfect,1,i
substitution,ooh,1,you
substitution,til,1,dr
substitution,were,1,th
substitution,were,1,flag
substitution,were,1,so
substitution,upside,1,spark
substitution,bad,1,couldnt
substitution,guy,1,turn
substitution,proud,1,ill
substitution,seasons,1,tried
substitution,change,1,you
substitution,our,1,believe
substitution,went,1,we
substitution,went,1,it
substitution,feed,1,this
substitution,flame,1,time
substitution,away,1,feed
substitution,away,1,go
substitution,away,1,you
substitution,away,1,blame
substitution,circles,1,cant
substitution,circles,1,take
substitution,dare,1,were
substitution,waiting,1,run
substitution,take,1,something
substitution,take,1,hit
substitution,blame,1,waiting
substitution,withdrawals,1,a
substitution,sin,1,cities
substitution,walkin,1,walking
substitution,bbobby,1,bbabi
substitution,heenan,1,meaning
substitution,mania,1,maniacs
substitution,shadys,1,shades
substitution,possed,1,posse
substitution,sleepin,1,sleep
substitution,hydroxycut,1,hydroxy
substitution,pass,1,cut
substitution,courvoisi,1,kibasi
substitution,finna,1,finish
substitution,play,1,playdate
substitution,vacay,1,vacate
substitution,craycray,1,cray
substitution,j,1,jahaha
substitution,hahaha,1,laughing
substitution,durin,1,during
substitution,road,1,world
substitution,godzilla,1,bottle
substitution,godzilla,1,monster
substitution,spitter,1,spit
substitution,louis,1,fire
substitution,louis,1,cricket
substitution,v,1,but
substitution,v,1,onyx
substitution,carpet,1,to
substitution,carpet,1,told
substitution,monster,1,on
substitution,blood,1,the
substitution,dance,1,im
substitution,floor,1,just
substitution,product,1,balls
substitution,slick,1,him
substitution,rick,1,just
substitution,onyx,1,did
substitution,balls,1,pissed
substitution,appalled,1,impossible
substitution,did,1,to
substitution,did,1,whats
substitution,many,1,them
substitution,pissed,1,in
substitution,impossible,1,all
substitution,list,1,im
substitution,midst,1,a
substitution,mental,1,steer
substitution,hospital,1,you
substitution,crystal,1,tomorrow
substitution,ball,1,risper
substitution,still,1,fists
substitution,still,1,the
substitution,tomorrow,1,up
substitution,risperdal,1,against
substitution,voices,1,the
substitution,whisper,1,wall
substitution,fist,1,drawn
substitution,balled,1,just
substitution,against,1,to
substitution,wall,1,ballistic
substitution,pencil,1,on
substitution,drawn,1,you
substitution,song,1,pistol
substitution,dropped,1,drop
substitution,dropped,1,go
substitution,since,1,nobody
substitution,jetson,1,boppin
substitution,another,1,flew
substitution,hah,1,with
substitution,hah,1,ha
substitution,needed,1,blunt
substitution,bop,1,the
substitution,past,1,in
substitution,blunt,1,good
substitution,swervin,1,country
substitution,cop,1,and
substitution,fly,1,milli
substitution,country,1,legitly
substitution,finish,1,still
substitution,milli,1,with
substitution,legitly,1,name
substitution,shits,1,spot
substitution,hot,1,figure
substitution,hot,1,deal
substitution,asking,1,i
substitution,pictures,1,up
substitution,huh,1,on
substitution,name,1,im
substitution,spot,1,just
substitution,figure,1,a
substitution,which,1,hundred
substitution,uhhuh,1,me
substitution,woke,1,in
substitution,couple,1,mouth
substitution,mil,1,bless
substitution,plate,1,me
substitution,eat,1,bout
substitution,investing,1,some
substitution,real,1,as
substitution,estate,1,as
substitution,gave,1,i
substitution,open,1,im
substitution,less,1,the
substitution,bout,1,tryna
substitution,finding,1,find
substitution,found,1,know
substitution,flipped,1,gettin
substitution,flip,1,dm
substitution,different,1,nigga
substitution,dig,1,be
substitution,dig,1,turn
substitution,stiff,1,ass
substitution,mentions,1,like
substitution,from,1,bob
insertion,aint,1,
insertion,of,5,
insertion,everything,1,
insertion,weve,1,
insertion,i,3,
insertion,a,2,
insertion,us,1,
insertion,what,1,
insertion,my,4,
insertion,here,1,
insertion,no,3,
insertion,gone,1,
insertion,with,3,
insertion,where,1,
insertion,out,2,
insertion,at,1,
insertion,they,1,
insertion,run,1,
insertion,hair,1,
insertion,key,1,
insertion,colored,1,
insertion,and,3,
insertion,that,1,
insertion,do,1,
insertion,pray,1,
insertion,youre,1,
insertion,not,1,
insertion,all,1,
insertion,up,1,
insertion,it,2,
insertion,anger,1,
insertion,get,1,
insertion,sad,1,
insertion,who,1,
insertion,woah,1,
insertion,is,1,
insertion,adore,1,
insertion,just,1,
insertion,wanna,1,
insertion,player,1,
insertion,she,1,
insertion,cause,2,
insertion,im,2,
insertion,but,1,
insertion,hook,1,
insertion,deep,1,
insertion,girl,2,
insertion,yeah,1,
insertion,got,1,
insertion,to,1,
insertion,drought,1,
insertion,past,1,
insertion,cray,1,
insertion,the,1,
insertion,this,1,
insertion,some,1,
